Model,Accuracy,Precision,Recall,F1-Score,ROC-AUC
Logistic Regression,0.825,0.8518518518518519,0.8846153846153846,0.8679245283018868,0.9028205128205128
Random Forest,0.805,0.8109339407744874,0.9128205128205128,0.8588661037394452,0.8812820512820514
Decision Tree,0.77,0.823076923076923,0.823076923076923,0.823076923076923,0.8042124542124542
